empID,empFirstName,empLastName,empType
E1,Robertson,Christopher,Supervisor
E2,King,Brittany,Standard Employee
E3,Black,Traci,Standard Employee
E4,Davis,Sara,Standard Employee
E5,Hood,Philip,Standard Employee
E6,Moran,Felicia,Supervisor
E7,Lamb,Olivia,Standard Employee
E8,Morgan,Mary,Standard Employee
E9,Brown,Michelle,Supervisor
E10,Kim,Leah,Supervisor
E11,Mendoza,Isabella,Supervisor
E12,Stout,Kevin,Standard Employee
E13,Collins,David,Supervisor
E14,French,Richard,Supervisor
E15,Young,Adam,Supervisor
E16,Reynolds,Ethan,Supervisor
E17,Shelton,Tasha,Standard Employee
E18,Snyder,Gary,Supervisor
E19,Vaughn,Donna,Supervisor
E20,Mccoy,Richard,Standard Employee
E21,Davenport,Dustin,Standard Employee
E22,Espinoza,April,Standard Employee
E23,Faulkner,Tina,Standard Employee
E24,Schneider,Michele,Standard Employee
E25,Santos,Kimberly,Standard Employee
E26,Hobbs,Nicole,Standard Employee
E27,Preston,Pamela,Standard Employee
E28,Young,Vernon,Supervisor
E29,Gonzalez,Jose,Standard Employee
E30,Thomas,Robert,Standard Employee
E31,Hayes,Eric,Standard Employee
E32,Henry,Amber,Standard Employee
E33,Fitzgerald,Michael,Standard Employee
E34,Mann,Gregory,Supervisor
E35,Barrett,Angela,Standard Employee
E36,Dominguez,Amanda,Standard Employee
E37,Rangel,Kelsey,Standard Employee
E38,Moore,Danielle,Supervisor
E39,Huerta,Michael,Supervisor
E40,Pierce,Alicia,Standard Employee
E41,Weeks,Rebecca,Supervisor
E42,Hart,Lauren,Standard Employee
E43,Chambers,Steve,Supervisor
E44,Davis,Dean,Supervisor
E45,Bernard,Robert,Standard Employee
E46,Neal,Barbara,Supervisor
E47,Dennis,Ronald,Standard Employee
E48,Washington,Christian,Standard Employee
E49,Buchanan,Jose,Standard Employee
E50,Boone,Logan,Supervisor
E51,Fox,Kenneth,Supervisor
E52,May,Chad,Standard Employee
E53,Jones,Brandon,Supervisor
E54,Griffin,Kenneth,Supervisor
E55,Mills,Jennifer,Supervisor
E56,Shaw,Michael,Supervisor
E57,Brown,Harry,Supervisor
E58,Moore,Ariel,Supervisor
E59,Dudley,Mark,Standard Employee
E60,Graves,Heather,Supervisor
E61,Gonzalez,Alicia,Standard Employee
E62,Brown,Cody,Supervisor
E63,Jenkins,Jonathan,Supervisor
E64,Charles,Jennifer,Supervisor
E65,Martinez,Alexander,Standard Employee
E66,Leach,Carol,Standard Employee
E67,Johnson,Lawrence,Standard Employee
E68,Carter,Makayla,Standard Employee
E69,Walker,Elizabeth,Standard Employee
E70,Lynch,Phillip,Supervisor
E71,Banks,William,Supervisor
E72,Williams,Paul,Standard Employee
E73,Lewis,David,Supervisor
E74,Cole,Gloria,Supervisor
E75,Sawyer,Jennifer,Standard Employee
E76,Hill,Robert,Supervisor
E77,Russell,Tammy,Standard Employee
E78,Pratt,Meredith,Supervisor
E79,Stanley,Taylor,Supervisor
E80,Taylor,Steven,Supervisor
E81,Dean,Angela,Standard Employee
E82,Davis,Felicia,Standard Employee
E83,Hayes,Natalie,Supervisor
E84,Taylor,Renee,Standard Employee
E85,Mooney,Fernando,Standard Employee
E86,Bass,Gregory,Standard Employee
E87,Rosales,Zachary,Supervisor
E88,Lara,Trevor,Supervisor
E89,Blair,Jonathan,Supervisor
E90,Mckinney,Chad,Standard Employee
E91,Castillo,Katelyn,Supervisor
E92,Tucker,Caitlin,Supervisor
E93,Travis,April,Supervisor
E94,Harris,Mary,Standard Employee
E95,Baker,Nathaniel,Supervisor
E96,Warren,Angela,Standard Employee
E97,Mcguire,William,Supervisor
E98,Schmidt,Jeanette,Standard Employee
E99,Garcia,Tamara,Standard Employee
E100,Lee,Monica,Supervisor
E101,Ochoa,Matthew,Supervisor
E102,Miller,Gregory,Standard Employee
E103,Giles,Kevin,Supervisor
E104,Barry,Gerald,Supervisor
E105,Petty,Christopher,Supervisor
E106,Thompson,Juan,Standard Employee
E107,Keller,Mark,Supervisor
E108,Castillo,Jacob,Standard Employee
E109,Peterson,Steven,Standard Employee
E110,Hammond,Charles,Supervisor
E111,Cook,John,Supervisor
E112,Perkins,James,Standard Employee
E113,Thompson,Lisa,Supervisor
E114,Gonzalez,Bryan,Standard Employee
E115,Wyatt,Heather,Supervisor
E116,Roberts,Robert,Standard Employee
E117,Fischer,Carlos,Standard Employee
E118,White,Angela,Supervisor
E119,Jones,Dean,Standard Employee
E120,Owens,Tony,Standard Employee
E121,Jones,Ashley,Standard Employee
E122,Hall,April,Supervisor
E123,Rodriguez,Perry,Supervisor
E124,Wells,Jeffrey,Supervisor
E125,Anderson,Stephen,Supervisor
E126,Hudson,Ryan,Supervisor
E127,Huff,Kevin,Supervisor
E128,Torres,Jessica,Standard Employee
E129,Davila,Amy,Supervisor
E130,Hoffman,Tanya,Standard Employee
E131,Cherry,Lance,Supervisor
E132,Mills,Krystal,Standard Employee
E133,Hoffman,Mary,Standard Employee
E134,Briggs,Lawrence,Supervisor
E135,Jackson,Marvin,Standard Employee
E136,Kim,Erica,Standard Employee
E137,Miller,Pamela,Standard Employee
E138,Garrett,Michael,Standard Employee
E139,Sanchez,Michelle,Supervisor
E140,Martinez,Donald,Supervisor
E141,Young,Jason,Supervisor
E142,Knox,Sarah,Supervisor
E143,Mueller,Pamela,Standard Employee
E144,Johnson,Christopher,Standard Employee
E145,Young,Todd,Supervisor
E146,Price,Melissa,Standard Employee
E147,Stewart,Blake,Standard Employee
E148,Zuniga,Lauren,Standard Employee
E149,Beck,Jonathan,Standard Employee
E150,Zamora,Christopher,Standard Employee
E151,Sellers,Jacqueline,Standard Employee
E152,Byrd,David,Standard Employee
E153,Johnson,Daniel,Standard Employee
E154,Simpson,Yvonne,Standard Employee
E155,Lynch,Hector,Supervisor
E156,Moore,Thomas,Supervisor
E157,Miller,Kayla,Supervisor
E158,Steele,Eugene,Supervisor
E159,Aguilar,Daniel,Supervisor
E160,Morris,Andre,Standard Employee
E161,Lee,Michael,Supervisor
E162,Davis,James,Supervisor
E163,Gonzalez,Ashlee,Standard Employee
E164,Ramirez,William,Supervisor
E165,Lewis,Brittany,Standard Employee
E166,King,Karen,Standard Employee
E167,Patton,Renee,Supervisor
E168,Hall,Kristi,Standard Employee
E169,Hurst,Wendy,Supervisor
E170,Cooper,Jessica,Supervisor
E171,Wood,Rachel,Standard Employee
E172,Sanchez,David,Standard Employee
E173,Campos,Tammy,Supervisor
E174,Ramirez,Aaron,Standard Employee
E175,Phillips,Michael,Supervisor
E176,Williams,Mark,Supervisor
E177,Davis,Joshua,Supervisor
E178,Ruiz,Matthew,Supervisor
E179,Thomas,Brenda,Supervisor
E180,Santana,Yolanda,Standard Employee
E181,Dunn,Katherine,Supervisor
E182,Ashley,Jeremy,Standard Employee
E183,Ruiz,Christopher,Supervisor
E184,Taylor,Crystal,Standard Employee
E185,Vincent,David,Supervisor
E186,Flowers,Tyler,Supervisor
E187,Krause,Kim,Supervisor
E188,Cannon,Micheal,Supervisor
E189,Williams,Sara,Supervisor
E190,Hamilton,Aaron,Supervisor
E191,Bishop,Joseph,Supervisor
E192,Moore,Lauren,Standard Employee
E193,Walker,Deborah,Supervisor
E194,Morgan,Stephen,Supervisor
E195,Marshall,Tabitha,Supervisor
E196,Osborn,Walter,Supervisor
E197,Glass,Barbara,Supervisor
E198,Rose,Paul,Supervisor
E199,Thomas,Carrie,Supervisor
E200,Evans,John,Standard Employee
E201,Cook,Jennifer,Supervisor
E202,Rodriguez,David,Standard Employee
E203,Knapp,Mark,Supervisor
E204,Young,Scott,Standard Employee
E205,Allen,Andrew,Supervisor
E206,Moore,Laura,Supervisor
E207,Ramos,Hunter,Standard Employee
E208,Stevens,John,Standard Employee
E209,Hicks,Greg,Standard Employee
E210,Bray,Jeffery,Standard Employee
E211,Mccall,Jackson,Supervisor
E212,Hernandez,Douglas,Standard Employee
E213,Johnson,Maria,Supervisor
E214,Smith,Matthew,Standard Employee
E215,Dodson,Mark,Supervisor
E216,Montgomery,David,Standard Employee
E217,Harvey,Frederick,Supervisor
E218,Hill,Michael,Standard Employee
E219,Simmons,Cheyenne,Standard Employee
E220,Gallagher,Jason,Supervisor
E221,Stevenson,Andre,Supervisor
E222,Smith,Sherry,Standard Employee
E223,Blackwell,Stephen,Supervisor
E224,Poole,Paul,Supervisor
E225,Brooks,Sean,Supervisor
E226,Edwards,Kirk,Standard Employee
E227,Alvarado,Claire,Supervisor
E228,Bates,Lori,Standard Employee
E229,Garcia,Stephanie,Standard Employee
E230,Hopkins,Arthur,Supervisor
E231,Lopez,Julia,Standard Employee
E232,Klein,Randy,Supervisor
E233,Curtis,Sara,Supervisor
E234,Martinez,Daniel,Standard Employee
E235,Phillips,Tyler,Standard Employee
E236,Simpson,Alan,Supervisor
E237,Marshall,Lisa,Supervisor
E238,Mendoza,Sandra,Supervisor
E239,Logan,John,Standard Employee
E240,Bennett,Ashley,Standard Employee
E241,Jenkins,Jonathan,Standard Employee
E242,Perry,Jennifer,Standard Employee
E243,Obrien,Ashley,Standard Employee
E244,Ramos,Douglas,Supervisor
E245,Kelley,Kevin,Supervisor
E246,Stokes,Hannah,Supervisor
E247,Hood,Jessica,Supervisor
E248,Li,Angela,Standard Employee
E249,Harrell,Charles,Standard Employee
E250,Rice,Michael,Supervisor
E251,Taylor,Jane,Standard Employee
E252,Sanchez,Aaron,Standard Employee
E253,Day,Tami,Standard Employee
E254,Freeman,Dawn,Standard Employee
E255,Burnett,Matthew,Supervisor
E256,Flores,Alexander,Supervisor
E257,Taylor,Paul,Standard Employee
E258,Mason,Jessica,Supervisor
E259,Flores,Shirley,Standard Employee
E260,Powell,Alexandria,Standard Employee
E261,Torres,David,Standard Employee
E262,Matthews,April,Supervisor
E263,Mcintosh,Daniel,Standard Employee
E264,Short,Peter,Standard Employee
E265,Washington,John,Supervisor
E266,Willis,Lisa,Standard Employee
E267,Ware,Chris,Supervisor
E268,Knapp,Nicole,Standard Employee
E269,Valdez,Sara,Standard Employee
E270,Espinoza,Breanna,Standard Employee
E271,Washington,Matthew,Supervisor
E272,Lester,Monica,Standard Employee
E273,Hall,Teresa,Standard Employee
E274,Davis,Eric,Standard Employee
E275,Salazar,Jessica,Supervisor
E276,Chavez,Calvin,Standard Employee
E277,Edwards,Susan,Standard Employee
E278,Harris,Gina,Standard Employee
E279,Mitchell,Nathaniel,Supervisor
E280,Michael,Anna,Standard Employee
E281,Roberts,Scott,Supervisor
E282,Paul,Kathleen,Standard Employee
E283,Robinson,Dustin,Standard Employee
E284,Martinez,Ashley,Standard Employee
E285,Crawford,Brian,Standard Employee
E286,Gamble,Gregory,Standard Employee
E287,Wolfe,Susan,Supervisor
E288,Gibson,Raymond,Standard Employee
E289,Webster,Vanessa,Standard Employee
E290,White,Nancy,Supervisor
E291,Smith,Lori,Supervisor
E292,Miller,Shawn,Supervisor
E293,Martin,Katelyn,Standard Employee
E294,Jones,Chris,Supervisor
E295,Landry,James,Supervisor
E296,Garrett,Erika,Standard Employee
E297,Cordova,Trevor,Standard Employee
E298,Johnson,Melanie,Standard Employee
E299,Lane,Amanda,Supervisor
E300,Jones,Bailey,Supervisor
E301,Browning,Bianca,Supervisor
E302,Wilson,Ricardo,Supervisor
E303,Kelley,Jordan,Supervisor
E304,Williams,Joseph,Standard Employee
E305,Gaines,Sandy,Supervisor
E306,Garrett,Lisa,Standard Employee
E307,Myers,Michelle,Supervisor
E308,Adams,David,Supervisor
E309,Montgomery,James,Standard Employee
E310,Short,Joshua,Standard Employee
E311,Hatfield,Gary,Supervisor
E312,Flynn,Kimberly,Standard Employee
E313,Terry,Tyler,Standard Employee
E314,Hunt,William,Supervisor
E315,Archer,Scott,Supervisor
E316,Love,Manuel,Supervisor
E317,Kline,Kenneth,Standard Employee
E318,Henderson,Benjamin,Supervisor
E319,Edwards,Michael,Standard Employee
E320,Miller,Nancy,Standard Employee
E321,Brown,Jordan,Supervisor
E322,Farmer,David,Standard Employee
E323,Lee,Mariah,Standard Employee
E324,Cowan,Holly,Standard Employee
E325,Price,Juan,Standard Employee
E326,Hampton,Brenda,Standard Employee
E327,Pierce,Terri,Standard Employee
E328,Sims,Gregory,Supervisor
E329,Lee,Corey,Supervisor
E330,Young,William,Supervisor
E331,Hill,Dawn,Supervisor
E332,Fields,Jessica,Supervisor
E333,Watkins,Carlos,Standard Employee
E334,Morris,Jennifer,Standard Employee
E335,Pace,Anna,Supervisor
E336,Estrada,Tina,Supervisor
E337,Diaz,Susan,Standard Employee
E338,Taylor,Stephen,Supervisor
E339,Harrington,Allison,Supervisor
E340,Wilson,Nicole,Supervisor
E341,Hebert,Timothy,Standard Employee
E342,Robinson,Anthony,Standard Employee
E343,Small,David,Supervisor
E344,Costa,Sean,Standard Employee
E345,Scott,Robin,Supervisor
E346,Freeman,Frederick,Standard Employee
E347,Deleon,Tiffany,Standard Employee
E348,Johns,Robert,Standard Employee
E349,Mcmillan,Eric,Standard Employee
E350,Garcia,Kelly,Standard Employee
E351,Huff,Brian,Standard Employee
E352,Elliott,Jennifer,Supervisor
E353,Harris,Natasha,Supervisor
E354,Jordan,Melissa,Standard Employee
E355,Hill,Christopher,Standard Employee
E356,Briggs,Patrick,Standard Employee
E357,Nash,Angelica,Standard Employee
E358,Tate,Courtney,Standard Employee
E359,Mendoza,Rebecca,Standard Employee
E360,Wright,Scott,Supervisor
E361,Wheeler,John,Supervisor
E362,Shields,Sarah,Supervisor
E363,Davis,Stephanie,Standard Employee
E364,Chase,Richard,Supervisor
E365,Simmons,Shari,Supervisor
E366,Armstrong,Pam,Standard Employee
E367,Williams,Brianna,Standard Employee
E368,Thompson,Jeffrey,Standard Employee
E369,Conrad,Justin,Standard Employee
E370,Jackson,Donna,Supervisor
E371,Rodriguez,Alex,Standard Employee
E372,Hernandez,Denise,Standard Employee
E373,Cooper,Deborah,Supervisor
E374,Jackson,Janice,Supervisor
E375,Howard,Desiree,Supervisor
E376,Cummings,Russell,Standard Employee
E377,Mcdaniel,Richard,Standard Employee
E378,Smith,Cody,Supervisor
E379,Riddle,Adam,Standard Employee
E380,George,Noah,Standard Employee
E381,Kelly,John,Standard Employee
E382,Jackson,Jennifer,Supervisor
E383,Munoz,Catherine,Supervisor
E384,Stewart,Jessica,Supervisor
E385,Thomas,Christopher,Standard Employee
E386,Barton,Caitlyn,Standard Employee
E387,Meyer,Sierra,Supervisor
E388,Harper,Sandra,Supervisor
E389,Glover,Marcus,Supervisor
E390,Yang,Kim,Standard Employee
E391,Ochoa,Kelly,Supervisor
E392,Dunn,Brandon,Supervisor
E393,Rivera,Laura,Supervisor
E394,Robertson,Laura,Supervisor
E395,Walker,Kari,Supervisor
E396,Hunt,Jeffery,Supervisor
E397,Johnson,Sarah,Supervisor
E398,Ruiz,Andre,Standard Employee
E399,Harvey,Jessica,Supervisor
E400,James,Deborah,Standard Employee
E401,Hicks,Jesse,Supervisor
E402,Parker,Alexandra,Standard Employee
E403,Mullins,Amy,Standard Employee
E404,Garcia,Kimberly,Supervisor
E405,Garcia,Robin,Standard Employee
E406,Mullen,Sarah,Standard Employee
E407,Snow,David,Standard Employee
E408,Hoffman,Eric,Supervisor
E409,Wilson,Jessica,Supervisor
E410,Smith,Justin,Supervisor
E411,Moore,Dennis,Supervisor
E412,Luna,Brandon,Standard Employee
E413,Hubbard,Stacy,Supervisor
E414,Thomas,Gilbert,Supervisor
E415,Woods,Marcus,Supervisor
E416,Scott,Michael,Supervisor
E417,Torres,Heather,Supervisor
E418,Andrews,Renee,Supervisor
E419,Orozco,Alexander,Supervisor
E420,Vargas,Toni,Standard Employee
E421,Fox,Stephen,Supervisor
E422,Mcdonald,Michael,Standard Employee
E423,Long,Rachel,Standard Employee
E424,Johnson,Michelle,Standard Employee
E425,Walker,Kimberly,Supervisor
E426,Castro,Megan,Standard Employee
E427,Norman,Michael,Standard Employee
E428,Perez,Angela,Standard Employee
E429,Morris,Megan,Supervisor
E430,Lara,Logan,Supervisor
E431,Pace,Shirley,Standard Employee
E432,Carter,Christopher,Standard Employee
E433,Peters,Andrew,Supervisor
E434,Sanders,Nicole,Standard Employee
E435,Hernandez,Jerry,Supervisor
E436,Moore,Laura,Supervisor
E437,Smith,Christine,Supervisor
E438,Johnson,Matthew,Standard Employee
E439,Long,Travis,Standard Employee
E440,Nguyen,Nathan,Supervisor
E441,Doyle,David,Standard Employee
E442,Lucas,Melissa,Standard Employee
E443,Lawson,Jeffrey,Standard Employee
E444,Rodriguez,John,Standard Employee
E445,Smith,Melanie,Supervisor
E446,Luna,Russell,Supervisor
E447,Ford,Amanda,Supervisor
E448,Conley,Kelly,Standard Employee
E449,Flores,Rodney,Standard Employee
E450,Williams,Meredith,Supervisor
E451,Miller,Tara,Supervisor
E452,Levine,George,Standard Employee
E453,Vaughan,James,Standard Employee
E454,Ford,Tiffany,Standard Employee
E455,Newton,Matthew,Standard Employee
E456,Lawson,John,Standard Employee
E457,Martinez,Alyssa,Supervisor
E458,Alvarez,Kelsey,Standard Employee
E459,Brown,David,Supervisor
E460,Campbell,Megan,Standard Employee
E461,Lee,Michael,Supervisor
E462,Brown,Andrew,Standard Employee
E463,Bell,Angela,Supervisor
E464,Ward,Patrick,Supervisor
E465,Wolfe,Melissa,Standard Employee
E466,Thompson,Joshua,Supervisor
E467,Mcmahon,Cody,Standard Employee
E468,Sanchez,Melinda,Supervisor
E469,Knox,Nicole,Standard Employee
E470,Jackson,Edward,Standard Employee
E471,Simon,Courtney,Supervisor
E472,Weber,Roy,Standard Employee
E473,Clark,Tara,Standard Employee
E474,Foster,Anthony,Supervisor
E475,Davis,Robert,Supervisor
E476,Travis,Hunter,Supervisor
E477,Moss,Crystal,Supervisor
E478,Levy,Timothy,Standard Employee
E479,Vasquez,John,Supervisor
E480,Escobar,Christine,Standard Employee
E481,Gray,Kurt,Standard Employee
E482,Cohen,Kristin,Standard Employee
E483,Mitchell,Nicholas,Supervisor
E484,Blake,Monica,Standard Employee
E485,Serrano,Shannon,Standard Employee
E486,Caldwell,Peter,Standard Employee
E487,Snyder,Melissa,Standard Employee
E488,Perez,Ann,Supervisor
E489,Clayton,Taylor,Standard Employee
E490,Petersen,Jennifer,Standard Employee
E491,Rodriguez,Abigail,Standard Employee
E492,Hernandez,Lisa,Standard Employee
E493,Torres,Charles,Supervisor
E494,Harrison,Todd,Standard Employee
E495,Oconnor,Jennifer,Supervisor
E496,Young,Kevin,Standard Employee
E497,James,Kevin,Standard Employee
E498,Robinson,Brandon,Supervisor
E499,Taylor,Robert,Supervisor
E500,Marquez,Danielle,Supervisor
E501,Hernandez,Nathan,Supervisor
E502,Stanley,Susan,Supervisor
E503,Diaz,Daniel,Standard Employee
E504,May,Andrea,Standard Employee
E505,Pennington,Priscilla,Supervisor
E506,King,Brandon,Standard Employee
E507,Smith,Deanna,Supervisor
E508,Williams,Laura,Standard Employee
E509,Freeman,Sophia,Supervisor
E510,Scott,Justin,Standard Employee
E511,Young,Pamela,Supervisor
E512,Kennedy,Monique,Supervisor
E513,Cook,Levi,Supervisor
E514,Smith,Angela,Supervisor
E515,Marshall,Elizabeth,Standard Employee
E516,Hansen,Gregory,Supervisor
E517,Mendez,Susan,Supervisor
E518,Taylor,Robert,Supervisor
E519,Howell,Eugene,Supervisor
E520,Clark,Brett,Standard Employee
E521,Perry,Todd,Supervisor
E522,Poole,Michael,Standard Employee
E523,Martinez,Daniel,Supervisor
E524,Perez,Jill,Standard Employee
E525,Cunningham,Lisa,Supervisor
E526,Stein,Brenda,Standard Employee
E527,Jennings,Jonathan,Supervisor
E528,Anderson,Yolanda,Supervisor
E529,Jimenez,Patrick,Standard Employee
E530,Sullivan,Zachary,Supervisor
E531,Higgins,Thomas,Supervisor
E532,Crane,Lori,Supervisor
E533,Calderon,James,Standard Employee
E534,Chavez,Emily,Supervisor
E535,Neal,Kristie,Standard Employee
E536,Riley,Kimberly,Standard Employee
E537,Tran,Bryan,Supervisor
E538,Johnson,Benjamin,Supervisor
E539,Mitchell,Micheal,Standard Employee
E540,Hall,Alexander,Supervisor
E541,Soto,Daniel,Standard Employee
E542,Oliver,Eileen,Standard Employee
E543,Bradley,Paula,Supervisor
E544,Martin,Kevin,Supervisor
E545,White,Erin,Standard Employee
E546,Delacruz,Emily,Supervisor
E547,Robinson,Clinton,Standard Employee
E548,Rodriguez,Jennifer,Supervisor
E549,Salazar,Sean,Standard Employee
E550,Combs,Jacob,Standard Employee
E551,Harper,Douglas,Standard Employee
E552,Brooks,Debra,Supervisor
E553,Blair,Adam,Supervisor
E554,Jones,Randall,Standard Employee
E555,Harrison,Heather,Supervisor
E556,Arnold,Bobby,Standard Employee
E557,Mcmahon,Ashley,Standard Employee
E558,Roach,David,Supervisor
E559,Price,Gerald,Supervisor
E560,Mcdonald,Catherine,Supervisor
E561,Lowe,Garrett,Supervisor
E562,Cooper,Carlos,Supervisor
E563,Martinez,Thomas,Supervisor
E564,Wells,Kimberly,Supervisor
E565,Parker,Jessica,Supervisor
E566,Smith,Wendy,Standard Employee
E567,Miller,Kathleen,Supervisor
E568,Hall,Kristin,Supervisor
E569,Hudson,Randy,Supervisor
E570,Daniel,Sandra,Supervisor
E571,Hughes,Kristine,Supervisor
E572,Gutierrez,Melissa,Supervisor
E573,Porter,Jorge,Standard Employee
E574,Lewis,Eric,Standard Employee
E575,Carlson,Diane,Supervisor
E576,Clark,Allison,Supervisor
E577,Drake,Diana,Supervisor
E578,Nelson,Christopher,Standard Employee
E579,Robinson,William,Standard Employee
E580,Deleon,Krystal,Supervisor
E581,Tate,Peter,Standard Employee
E582,Morris,Carly,Standard Employee
E583,Bryant,Shari,Supervisor
E584,Lang,Jeffrey,Supervisor
E585,Miller,Henry,Supervisor
E586,Hunt,Brent,Supervisor
E587,Roman,Joseph,Standard Employee
E588,Hoover,Courtney,Supervisor
E589,Wallace,Amanda,Supervisor
E590,Wilson,Mark,Supervisor
E591,Collins,Denise,Supervisor
E592,Nichols,Matthew,Supervisor
E593,Clark,Jonathan,Supervisor
E594,Smith,Mandy,Supervisor
E595,Romero,Catherine,Supervisor
E596,Dudley,Lori,Supervisor
E597,Krueger,Natalie,Standard Employee
E598,Hayes,Tonya,Supervisor
E599,Foster,Jason,Standard Employee
E600,Reynolds,Chad,Supervisor
E601,Rodriguez,Aaron,Standard Employee
E602,Vargas,Raymond,Standard Employee
E603,Jacobs,Tammy,Standard Employee
E604,Wilkins,Alison,Standard Employee
E605,Williams,Renee,Supervisor
E606,King,Alan,Supervisor
E607,Stein,Taylor,Standard Employee
E608,Young,Joe,Supervisor
E609,Moran,Julie,Standard Employee
E610,Flores,Matthew,Supervisor
E611,Riley,Sonya,Supervisor
E612,Williams,Stephen,Supervisor
E613,Cox,William,Supervisor
E614,Cooper,Susan,Supervisor
E615,Beard,Joshua,Standard Employee
E616,Shaw,Anthony,Standard Employee
E617,Torres,Jamie,Supervisor
E618,Blake,Nicole,Supervisor
E619,Reid,Shannon,Supervisor
E620,Matthews,Tammy,Supervisor
E621,Gregory,Bryan,Standard Employee
E622,Sanders,Joshua,Standard Employee
E623,Ortiz,Taylor,Standard Employee
E624,Coleman,Elizabeth,Supervisor
E625,Ellis,Brooke,Supervisor
E626,Maldonado,Sarah,Standard Employee
E627,Garcia,Marilyn,Standard Employee
E628,Tyler,Tracy,Supervisor
E629,Nichols,William,Standard Employee
E630,Dickson,Mark,Supervisor
E631,Austin,Paul,Standard Employee
E632,Carter,Rachel,Standard Employee
E633,Sloan,Christopher,Standard Employee
E634,Rivera,Nicholas,Supervisor
E635,Davis,Joseph,Supervisor
E636,Jordan,Suzanne,Supervisor
E637,Waters,Brenda,Standard Employee
E638,Henderson,Joseph,Supervisor
E639,Pittman,Julie,Standard Employee
E640,Powell,Eric,Supervisor
E641,Merritt,Robert,Supervisor
E642,Harvey,Kristin,Supervisor
E643,Jones,Tammy,Supervisor
E644,Anderson,Tina,Supervisor
E645,Fisher,Jessica,Standard Employee
E646,Smith,Anthony,Supervisor
E647,Smith,Daryl,Standard Employee
E648,Webb,Austin,Standard Employee
E649,Rhodes,Elizabeth,Supervisor
E650,Galloway,William,Standard Employee
E651,Jones,Dean,Standard Employee
E652,Lawson,Amanda,Standard Employee
E653,Larson,John,Supervisor
E654,Sanders,Denise,Supervisor
E655,Carrillo,Deanna,Standard Employee
E656,Vasquez,Anthony,Standard Employee
E657,Allen,Cathy,Standard Employee
E658,Morton,Gloria,Standard Employee
E659,Rivera,Maria,Standard Employee
E660,Goodman,Carol,Supervisor
E661,Rodriguez,Richard,Standard Employee
E662,Anderson,Katrina,Standard Employee
E663,Wilson,Michael,Supervisor
E664,Macias,Brianna,Standard Employee
E665,Miller,Carolyn,Supervisor
E666,Parsons,Jessica,Supervisor
E667,Bullock,Shane,Supervisor
E668,Boone,Catherine,Supervisor
E669,Caldwell,Lisa,Supervisor
E670,Mcgee,Christine,Supervisor
E671,Ramirez,Andrea,Supervisor
E672,Drake,Ryan,Standard Employee
E673,Steele,Michael,Standard Employee
E674,Daniel,Christopher,Supervisor
E675,Cobb,Brian,Standard Employee
E676,Cisneros,Laura,Supervisor
E677,Lee,Alicia,Supervisor
E678,Miller,Heather,Standard Employee
E679,Lawson,Jose,Standard Employee
E680,Armstrong,Maureen,Supervisor
E681,Duke,Don,Supervisor
E682,York,Robert,Supervisor
E683,Curry,Jonathan,Standard Employee
E684,Smith,Jacob,Supervisor
E685,Silva,Bryan,Supervisor
E686,Vazquez,Ricky,Supervisor
E687,Garcia,Thomas,Supervisor
E688,Henderson,William,Standard Employee
E689,Bernard,Michael,Supervisor
E690,Brown,Tara,Supervisor
E691,Williams,Matthew,Supervisor
E692,Perry,Kathryn,Standard Employee
E693,Pratt,Scott,Standard Employee
E694,Flores,Tammy,Standard Employee
E695,Vincent,Mary,Supervisor
E696,Flores,Christine,Supervisor
E697,Campbell,Tina,Supervisor
E698,Brown,Samantha,Supervisor
E699,Porter,Marissa,Standard Employee
E700,Espinoza,Rebecca,Supervisor
E701,Martin,Aaron,Standard Employee
E702,Nelson,Lynn,Standard Employee
E703,Christensen,Joshua,Supervisor
E704,Schmidt,Brandi,Supervisor
E705,Crawford,Austin,Supervisor
E706,Rodriguez,Jeffrey,Supervisor
E707,Powers,Eric,Supervisor
E708,Shields,Jason,Standard Employee
E709,Young,Ryan,Standard Employee
E710,Goodman,Richard,Standard Employee
E711,Fisher,Jody,Standard Employee
E712,Cook,Alexis,Standard Employee
E713,Burns,Paula,Standard Employee
E714,Wall,Brian,Standard Employee
E715,Long,David,Supervisor
E716,Daniel,Valerie,Supervisor
E717,Morris,Andrea,Supervisor
E718,Suarez,Katelyn,Supervisor
E719,Patel,Sarah,Standard Employee
E720,Pham,Jason,Supervisor
E721,Morris,Mary,Supervisor
E722,Zuniga,Janet,Standard Employee
E723,Gonzalez,Michelle,Standard Employee
E724,Taylor,Tyler,Standard Employee
E725,Taylor,Theresa,Supervisor
E726,Moore,Aaron,Standard Employee
E727,Lambert,Julie,Standard Employee
E728,Shelton,Alexander,Supervisor
E729,Aguilar,Mark,Supervisor
E730,Rodriguez,Bernard,Standard Employee
E731,Beard,Gina,Standard Employee
E732,Perry,Monica,Supervisor
E733,Williams,Allen,Standard Employee
E734,Tran,Christopher,Standard Employee
E735,Jackson,Jonathan,Standard Employee
E736,Johnson,Kenneth,Standard Employee
E737,Lee,Laura,Supervisor
E738,Lowe,Cheryl,Standard Employee
E739,Zuniga,Michael,Standard Employee
E740,Gallagher,Marc,Supervisor
E741,White,Bradley,Supervisor
E742,Green,Leah,Supervisor
E743,Shaw,Amanda,Standard Employee
E744,Miller,John,Supervisor
E745,Harris,Daniel,Supervisor
E746,James,Sean,Standard Employee
E747,Warner,Joseph,Supervisor
E748,Jones,Matthew,Standard Employee
E749,Jones,Jaime,Supervisor
E750,Wolf,Breanna,Supervisor
E751,Griffin,Thomas,Supervisor
E752,Ramirez,Robert,Supervisor
E753,Booth,Andre,Supervisor
E754,Watkins,Dustin,Standard Employee
E755,Lewis,Ruben,Supervisor
E756,Sanders,Barbara,Standard Employee
E757,Riley,Scott,Standard Employee
E758,Rodriguez,Michael,Supervisor
E759,Chung,Cindy,Standard Employee
E760,Boyle,Samuel,Standard Employee
E761,Yates,Billy,Supervisor
E762,Ramirez,Angela,Standard Employee
E763,Flores,Anthony,Supervisor
E764,Williams,Robert,Standard Employee
E765,Ryan,Krista,Standard Employee
E766,Perez,Kristina,Standard Employee
E767,Watkins,Johnny,Standard Employee
E768,Gonzalez,Susan,Supervisor
E769,Lyons,Ashley,Standard Employee
E770,Walker,Evelyn,Supervisor
E771,Bauer,Eric,Supervisor
E772,Cole,Robert,Standard Employee
E773,Diaz,Sydney,Supervisor
E774,Wang,Melanie,Supervisor
E775,Reyes,Alexandra,Standard Employee
E776,Castillo,Daniel,Standard Employee
E777,Reynolds,Kevin,Supervisor
E778,Lucero,John,Supervisor
E779,Kennedy,Timothy,Supervisor
E780,Glover,Lisa,Standard Employee
E781,Wright,Eric,Standard Employee
E782,Gomez,Melinda,Standard Employee
E783,Peterson,Crystal,Supervisor
E784,Kent,Ashley,Standard Employee
E785,Diaz,Robert,Supervisor
E786,Perez,Terri,Supervisor
E787,White,Megan,Supervisor
E788,Knox,Jeffrey,Standard Employee
E789,Martinez,Kara,Standard Employee
E790,Gonzalez,Timothy,Standard Employee
E791,Wilson,Wayne,Standard Employee
E792,Williams,Nathan,Standard Employee
E793,Jensen,Jamie,Supervisor
E794,Martin,Randy,Standard Employee
E795,Campos,David,Standard Employee
E796,Jones,Danielle,Standard Employee
E797,Humphrey,Gregory,Supervisor
E798,Hoffman,Robert,Standard Employee
E799,Barr,James,Standard Employee
E800,Turner,Amber,Standard Employee
E801,Holmes,Brian,Supervisor
E802,Taylor,James,Supervisor
E803,Townsend,Kristen,Standard Employee
E804,Floyd,Matthew,Standard Employee
E805,Trujillo,Alan,Standard Employee
E806,Johnson,Matthew,Supervisor
E807,Ewing,Christine,Supervisor
E808,Morris,Michelle,Standard Employee
E809,Elliott,William,Supervisor
E810,Foster,Bobby,Supervisor
E811,Byrd,Dustin,Supervisor
E812,Leblanc,Teresa,Supervisor
E813,Fischer,James,Supervisor
E814,Acosta,Michael,Supervisor
E815,Franklin,Kurt,Supervisor
E816,Myers,Nicole,Standard Employee
E817,Mills,John,Standard Employee
E818,Torres,Jeffery,Standard Employee
E819,Pitts,Anthony,Standard Employee
E820,Johnson,Stephen,Standard Employee
E821,Skinner,James,Supervisor
E822,Huynh,Julie,Supervisor
E823,Hines,James,Standard Employee
E824,Weiss,Thomas,Supervisor
E825,Oneill,Jessica,Supervisor
E826,Sanchez,Shannon,Supervisor
E827,Stevens,Karen,Supervisor
E828,Taylor,Jennifer,Supervisor
E829,Howard,Bailey,Supervisor
E830,Pratt,Juan,Supervisor
E831,Arnold,Dwayne,Standard Employee
E832,Mccormick,Debra,Supervisor
E833,Glass,Stacey,Standard Employee
E834,Moore,Michele,Supervisor
E835,Thornton,Lori,Standard Employee
E836,Mahoney,Wanda,Standard Employee
E837,Garcia,Laura,Supervisor
E838,Ayala,Patricia,Standard Employee
E839,Harris,Jenna,Supervisor
E840,Ochoa,Heidi,Supervisor
E841,Shepherd,Penny,Standard Employee
E842,Delgado,Cynthia,Supervisor
E843,Williams,Martin,Standard Employee
E844,Silva,Kelly,Standard Employee
E845,Patterson,Phillip,Supervisor
E846,Benton,Brandi,Supervisor
E847,Romero,Matthew,Supervisor
E848,Peterson,Cynthia,Standard Employee
E849,Burgess,Danny,Supervisor
E850,Gardner,Benjamin,Standard Employee
E851,Brown,Francis,Standard Employee
E852,Mills,Matthew,Supervisor
E853,Mcguire,Bobby,Standard Employee
E854,Lee,Shannon,Standard Employee
E855,Lane,Kim,Standard Employee
E856,Thompson,Sean,Supervisor
E857,Vasquez,Matthew,Supervisor
E858,Allen,William,Standard Employee
E859,Kennedy,Kirsten,Supervisor
E860,Shannon,Raymond,Standard Employee
E861,Garcia,Matthew,Supervisor
E862,Peterson,Stephen,Supervisor
E863,Villegas,Marc,Supervisor
E864,Roberts,Kelli,Supervisor
E865,Smith,Christopher,Standard Employee
E866,Gilmore,Jose,Standard Employee
E867,Owen,Marcus,Supervisor
E868,Carter,Jared,Supervisor
E869,Rhodes,Jill,Standard Employee
E870,Thornton,Craig,Standard Employee
E871,Kent,Matthew,Supervisor
E872,Horton,Karen,Standard Employee
E873,Bell,Sara,Supervisor
E874,Pineda,Robin,Supervisor
E875,Dunlap,Lisa,Supervisor
E876,Rush,Sarah,Standard Employee
E877,Stout,Teresa,Standard Employee
E878,Mcdaniel,Bryan,Standard Employee
E879,Williams,April,Supervisor
E880,Allen,David,Supervisor
E881,Johnson,Timothy,Supervisor
E882,Roberts,Tony,Supervisor
E883,Lee,Troy,Supervisor
E884,Kelly,Emily,Supervisor
E885,Roth,Caitlin,Standard Employee
E886,Singleton,Karen,Standard Employee
E887,Blevins,Abigail,Standard Employee
E888,Jacobs,Harold,Supervisor
E889,Davis,Jessica,Supervisor
E890,Morgan,Anthony,Standard Employee
E891,Guerra,Douglas,Supervisor
E892,Rivas,Michael,Supervisor
E893,Dennis,James,Supervisor
E894,Jordan,Tina,Supervisor
E895,Wu,Jimmy,Standard Employee
E896,Rhodes,Kim,Supervisor
E897,Young,Michael,Standard Employee
E898,Weber,Ernest,Standard Employee
E899,Miller,Erika,Supervisor
E900,Cisneros,Adriana,Supervisor
E901,Murillo,Erin,Standard Employee
E902,Thompson,Mary,Standard Employee
E903,Vargas,Eric,Supervisor
E904,Lloyd,Christina,Standard Employee
E905,Salazar,Brittany,Standard Employee
E906,Young,Jonathan,Standard Employee
E907,Mack,Michael,Supervisor
E908,Reed,Nicholas,Supervisor
E909,Cooke,Susan,Standard Employee
E910,Brock,Steven,Supervisor
E911,Jackson,Sally,Standard Employee
E912,Marshall,Monica,Standard Employee
E913,Brown,Jimmy,Standard Employee
E914,Gomez,Andrew,Standard Employee
E915,Williams,Christian,Standard Employee
E916,Miller,Alexander,Standard Employee
E917,Cruz,Sharon,Supervisor
E918,Carey,Stacy,Standard Employee
E919,Branch,Stephanie,Supervisor
E920,Beck,Tiffany,Standard Employee
E921,Peterson,Brian,Standard Employee
E922,Lynch,Aaron,Standard Employee
E923,Holmes,William,Supervisor
E924,Romero,Shawn,Standard Employee
E925,White,Cynthia,Standard Employee
E926,Moore,Robert,Standard Employee
E927,Leblanc,Rebecca,Standard Employee
E928,Brown,John,Standard Employee
E929,Matthews,David,Standard Employee
E930,Johnson,Paul,Supervisor
E931,Aguilar,Andrea,Standard Employee
E932,Garza,Zachary,Supervisor
E933,Johnson,Leslie,Standard Employee
E934,Gibson,Amber,Supervisor
E935,Griffin,Leslie,Standard Employee
E936,Dickson,Patricia,Standard Employee
E937,Brown,Kathryn,Standard Employee
E938,Miller,Ann,Supervisor
E939,Bryant,Justin,Supervisor
E940,Kim,William,Supervisor
E941,Vasquez,James,Standard Employee
E942,Garcia,Mark,Standard Employee
E943,Young,Ann,Standard Employee
E944,Brown,Kathleen,Supervisor
E945,Lewis,Jason,Supervisor
E946,Cunningham,Aaron,Supervisor
E947,Davis,Allen,Supervisor
E948,Nelson,Tammy,Supervisor
E949,Owens,John,Standard Employee
E950,Lester,Tina,Standard Employee
E951,Hamilton,Joshua,Supervisor
E952,Carroll,Amanda,Supervisor
E953,Scott,Nicholas,Standard Employee
E954,Mclaughlin,John,Supervisor
E955,Henderson,Nicole,Supervisor
E956,Gibson,Robert,Supervisor
E957,Singleton,Mark,Standard Employee
E958,Kramer,Lori,Standard Employee
E959,Cox,Brian,Supervisor
E960,Johnson,Samantha,Standard Employee
E961,Martinez,Mario,Standard Employee
E962,Ramos,Stefanie,Supervisor
E963,Kirby,Rhonda,Standard Employee
E964,Campbell,Christine,Standard Employee
E965,Lowery,Kristin,Standard Employee
E966,Davis,Michael,Supervisor
E967,Jones,Brandon,Supervisor
E968,Soto,Joseph,Standard Employee
E969,Parker,Micheal,Standard Employee
E970,Miller,Andrea,Supervisor
E971,Jones,George,Supervisor
E972,Roberts,Daniel,Supervisor
E973,Simmons,Wesley,Standard Employee
E974,Brown,Douglas,Supervisor
E975,Dean,Susan,Standard Employee
E976,Holt,Sharon,Supervisor
E977,Mccarthy,Geoffrey,Standard Employee
E978,Cox,Sophia,Standard Employee
E979,Harvey,Ana,Standard Employee
E980,Houston,Brian,Standard Employee
E981,Cooper,Bryce,Standard Employee
E982,Anderson,David,Supervisor
E983,Barker,Jason,Supervisor
E984,Walters,Philip,Supervisor
E985,Patton,Megan,Supervisor
E986,Benson,Erin,Supervisor
E987,Parker,Tony,Supervisor
E988,Miller,David,Standard Employee
E989,Mejia,Jessica,Standard Employee
E990,Garcia,Nancy,Supervisor
E991,Carpenter,Ann,Standard Employee
E992,Acosta,Kathleen,Standard Employee
E993,Williams,Kimberly,Supervisor
E994,Morris,Todd,Supervisor
E995,Tran,Michael,Supervisor
E996,Monroe,Tyler,Standard Employee
E997,Hoffman,Jo,Supervisor
E998,Johnson,Sarah,Standard Employee
E999,Johnson,Kevin,Supervisor
E1000,Garza,Ashley,Standard Employee
